<?xml version="1.0" encoding="utf-8"?>
<Search><pages Count="31"><page Index="1"><![CDATA[IT Data Structure]]></page><page Index="2"/><page Index="3"><![CDATA[IT Data structure




                                         Block1: Overview of Data Structures

               Introduction

               Data structures are fundamental components of computer programming that allow

               us  to  organize  and  store  data  efficiently.  They  provide  a  way  to  represent  and
               manipulate  data  in  a  structured  manner,  enabling  efficient  operations  and
               algorithms. In this write-up, we will explore the concept of data types, including
               primitive and non-primitive data types, as well as different types of data structures

               such as arrays and linked lists. We will discuss their representations, operations, and
               applications.

               •  Concept of Data Type


               In programming, data types define the nature of data that can be stored in variables
               or  structures.  They  determine  the  range  of  values,  memory  allocation,  and
               operations that can be performed on the data. Data types can be classified into two

               categories: primitive and non-primitive data types.

               •  Primitive Data Types

               Primitive  data  types  are  the  basic  building  blocks  provided  by  programming

               languages to represent fundamental types of data. Common primitive data types
               include:


                   •  Integer: Represents whole numbers without any fractional part.
                   •  Real (Floating-point): Represents numbers with fractional parts.
                   •  Character:  Represents  individual  characters,  such  as  letters,  digits,  or
                       symbols.

                   •  Boolean: Represents a logical value, either true or false.

               These primitive data types have specific representations in computer memory. For
               example, integers can be represented using fixed sizes (e.g., 32 bits or 64 bits) and

               follow specific conventions for positive and negative numbers.

               •  Non-Primitive Data Types


               Non-primitive  data  types,  also  known  as  derived  or  composite  data  types,  are
               constructed from primitive data types or other non-primitive data types.

                                                          PAGE - 1]]></page><page Index="4"><![CDATA[IT Data structure




               They are more complex and can store collections of data or structured information.
               Examples of non-primitive data types include:

               •  Arrays: Stores a fixed-size sequence of elements of the same type.

               •  Structures: Groups related data items of different types under a single name.
               •  Classes: Similar to structures, but also includes member functions and methods.

               •  Pointers: Stores memory addresses of other variables or data structures.

               Classification of Data Structures

               Data structures can be classified based on their organization and behavior. Common
               classifications include:


               •  Linear  data  structures:  Elements  are  arranged  in  a  linear  sequence,  such  as
                   arrays and linked lists.

               •  Non-linear data structures: Elements are organized in a non-linear manner, such
                   as trees and graphs.
               •  Homogeneous data structures: Elements are of the same data type, such as

                   arrays.
               •  Heterogeneous data structures: Elements can be of different data types, such as
                   structures or classes.

               •  Static data structures: Size and memory allocation are fixed at compile-time,
                   such as static arrays.
               •  Dynamic  data  structures:  Size  and  memory  allocation  can  change  during

                   runtime, such as linked lists.

               •  Abstract Data Types


               Abstract data types (ADTs) provide a high-level description of data structures and
               their operations, hiding the implementation details from the user. ADTs define a set
               of operations that can be performed on the data structure without specifying how

               those operations are implemented. Examples of ADTs include stacks, queues, and
               dictionaries.






                                                          PAGE - 2]]></page><page Index="5"><![CDATA[IT Data structure




               •  Primitive Data Structures

               Primitive  data  structures  refer  to  the  basic  data  structures  that  are  built-in  or

               provided by programming languages to represent primitive data types.

               Integer, Real, Character & Boolean Representation

               •  Integer: Integers are typically represented using a fixed number of bits, such as

                   32  bits  or  64  bits,  depending  on  the  programming  language.  They  can  be
                   represented  using  different  number  systems,  such  as  binary,  decimal,  or
                   hexadecimal.

               •  Real (Floating-point): Real numbers are typically represented using the floating-
                   point  format,  such  as  the  IEEE  754  standard.  It  uses  a  combination  of  sign,
                   exponent, and mantissa to represent fractional and decimal numbers.

               •  Character: Characters are usually represented using ASCII or Unicode encoding
                   schemes. Each character is assigned a unique numeric code, which is stored and
                   manipulated using binary representation.

               •  Boolean: Boolean values, true and false, can be represented using a single bit.
                   In computer memory, true is typically represented as 1, and false is represented
                   as 0.




               Non-Primitive Data Structures

               Non-primitive data structures provide more complex ways of organizing and storing
               data. Let's focus on arrays and linked lists.


               Arrays:

               •  Arrays are a collection of elements of the same data type, stored in contiguous

                   memory locations.
               •  They have a fixed size, which is determined at the time of declaration.
               •  Elements in an array can be accessed using their index, which represents their

                   position in the array.
               •  Array operations include insertion, deletion, searching, sorting, and accessing
                   elements by index.


                                                          PAGE - 3]]></page><page Index="6"><![CDATA[IT Data structure




               Arrays have various applications, such as storing and manipulating large sets of
               data, implementing matrices, and representing sequences of elements.

               Linked Lists


               •  Linked lists are dynamic data structures where elements, called nodes, are linked
                   together using pointers.
               •  Each node contains data and a pointer to the next node in the sequence.

               •  Linked lists can be singly linked, where each node points to the next node, or
                   doubly linked, where each node points to both the next and previous nodes.

               •  Linked lists allow efficient insertion and deletion of elements at any position in
                   the list.
               •  However, accessing elements by index in a linked list requires traversing the list
                   from the beginning.

               •  Linked  lists  are  used  in  various  applications,  such  as  implementing  stacks,
                   queues, and dynamic memory allocation.

               In  conclusion,  understanding  data  structures  is  crucial  for  efficient  data

               management and algorithm design. Primitive data types provide the basic building
               blocks  for  representing  fundamental  data,  while  non-primitive  data  types  and
               structures offer more complex ways of organizing and manipulating data. Array and

               linked  list  are  essential  non-primitive  data  structures  that  have  different
               representations,  operations,  and  applications.  By  mastering  these  concepts,
               programmers can design efficient and scalable solutions for various computational

               problems.

















                                                          PAGE - 4]]></page><page Index="7"><![CDATA[IT Data structure




                                      Block II: Stack and Queue Data Structures

               Introduction to Stacks

               In computer science, a stack is an abstract data type that follows the Last-In-First-

               Out (LIFO) principle. It is similar to a stack of plates, where the last plate added is
               the first one to be removed. Stacks are widely used in programming and algorithms
               due to their simplicity and efficiency.


               A stack can be imagined as a linear structure with two primary operations: push and
               pop.

               The  push  operation  adds  an  element  to  the  top  of  the  stack,  while  the  pop
               operation removes the topmost element. The top of the stack refers to the most

               recently added item, and it is the only element accessible for retrieval or deletion.
               This characteristic is often referred to as the "top of the stack" property.

               Representation of Stacks


               Stacks can be represented using various data structures, but the most common
               approach is to use an array or a linked list.

               •  Array-based representation: In this representation, an array is used to store the

                   stack elements. A variable called "top" keeps track of the index of the topmost
                   element in the stack. When a new element is pushed, it is added to the array at
                   the top index, and the top is incremented. Similarly, when an element is popped,

                   the top index is decremented.
               •  Linked list-based representation: In this representation, a linked list is used to
                   represent the stack. Each node in the linked list contains the stack element and

                   a reference to the next node. The top of the stack is represented by the first
                   node in the linked list. When an element is pushed, a new node is created and
                   linked to the current top node. When an element is popped, the top node is

                   removed, and the next node becomes the new top.

               Various Operations on Stacks

               Stacks support the following operations:


               •  Push: Adds an element to the top of the stack.

                                                          PAGE - 5]]></page><page Index="8"><![CDATA[IT Data structure




               •  Pop: Removes the topmost element from the stack.
               •  Peek/Top: Retrieves the value of the topmost element without removing it.

               •  isEmpty: Checks if the stack is empty.
               •  Size: Returns the number of elements in the stack.




































               Applications of Stacks

               Stacks find applications in various domains and are instrumental in solving several
               computational problems. Here are a few illustrations of their applications


               •  Function Calls: In programming languages, stacks are used to manage function
                   calls.




                                                          PAGE - 6]]></page><page Index="9"><![CDATA[IT Data structure




               •  When a function is called, the return address and local variables are pushed onto
                   the stack. Once the function completes execution, the return address is used to

                   resume execution at the calling point.
               •  Expression  Evaluation:  Stacks  are  used  to  evaluate  arithmetic  expressions.
                   During expression parsing, the operators are pushed onto the stack, and when

                   an operand is encountered, the necessary number of operators are popped, and
                   the result is pushed back.
               •  Undo/Redo  Functionality:  Many  applications,  such  as  text  editors  or  graphic

                   design software, implement undo and redo operations using stacks. Each action
                   performed is pushed onto the undo stack, allowing the user to revert changes.
                   Redo stacks store undone actions, allowing the user to redo previously undone

                   operations.
               •  Browser History: Web browsers use stacks to implement the back and forward
                   navigation  functionality.  Each  visited  URL  is  pushed  onto  the  stack,  enabling

                   users to go back to the previous page by popping the stack or move forward by
                   popping from the forward stack.
               •  Depth-First Search (DFS): Stacks are fundamental in graph traversal algorithms

                   like DFS. The stack is used to keep track of the nodes being explored, allowing
                   backtracking when necessary.
               •  These are just a few examples of how stacks are utilized in different applications.

                   Their  simplicity  and  LIFO  behavior  make  them  valuable  in  solving  various
                   computational problems efficiently.

               Introduction to Queues


               A queue is another fundamental abstract data type that follows the First-In-First-
               Out (FIFO)  principle.  It  resembles a  queue  of  people  waiting  in  line,  where  the
               person who enters first is the first one to leave. Queues are extensively used in
               computer science, especially in scenarios where tasks or data need to be processed

               in the order they arrive.








                                                          PAGE - 7]]></page><page Index="10"><![CDATA[IT Data structure




               A  queue  operates  with  two  primary  operations:  enqueue  and  dequeue.  The
               enqueue operation adds an element to the rear of the queue, and the dequeue
               operation removes the element from the front. The front of the queue represents

               the oldest element, while the rear represents the newest element.

               Representation of Queues

               Queues can be represented using similar data structures as stacks:


               •  Array-based representation: In this representation, an array is used to store the
                   queue elements. Two pointers, "front" and "rear," are used to keep track of the
                   first and last elements in the queue, respectively. The enqueue operation adds
                   an element to the rear index, and the rear pointer is incremented. The dequeue

                   operation  removes  the  element  at  the  front  index,  and  the  front  pointer  is
                   incremented.

               •  Linked list-based representation: In this representation, a linked list is used to
                   represent the queue. Each node in the linked list contains the queue element
                   and a reference to the next node. The front of the queue is represented by the
                   first node, and the rear is represented by the last node. The enqueue operation

                   involves adding a new node at the rear, while the dequeue operation removes
                   the first node.

               Various Operations on Queues


               Queues support the following operations:

               •  Enqueue: Adds an element to the rear of the queue.

               •  Dequeue: Removes the element from the front of the queue.
               •  Peek/Front: Retrieves the value of the element at the front without removing it.
               •  isEmpty: Checks if the queue is empty.

               •  Size: Returns the number of elements in the queue.










                                                          PAGE - 8]]></page><page Index="11"><![CDATA[IT Data structure




               Types of Queues

               Queues can be further classified into different types based on their behavior and
               specific requirements:


               •  Circular Queue: In a circular queue, the last element is connected to the first
                   element,  forming  a  circular  structure.  This  allows  efficient  utilization  of  the
                   underlying array and enables the queue to wrap around. Circular queues are

                   useful when there is a fixed size and the elements need to be reused cyclically.
               •  Priority Queue: A priority queue assigns a priority value to each element and
                   retrieves  elements  based  on  their  priority  rather  than  their  order  of  arrival.

                   Elements with higher priority are dequeued before elements with lower priority.
                   Priority  queues  are  commonly  used  in  scheduling  algorithms,  simulation
                   systems, and resource allocation problems.

               •  Double-ended  Queue  (Deque):  A  deque  allows  insertion  and  deletion  of
                   elements at both ends, providing more flexibility than a regular queue. Elements
                   can be added or removed from the front or rear of the deque. Deques find

                   applications in algorithms that require insertion and deletion at both ends, such
                   as implementing certain data structures or solving specific problems.

               Applications of Queues

               Queues  have  a  wide  range  of  applications  in  various  domains.  Here  are  a  few

               examples:

               •  Print Spooler: In operating systems, a print spooler uses a queue to manage
                   printing tasks. Print jobs are added to the queue, and the spooler processes

                   them one by one in the order they arrive.
               •  CPU Scheduling: In computer systems, queues are utilized for CPU scheduling

                   algorithms, such as First-Come-First-Served (FCFS) or Round-Robin. Processes
                   are enqueued based on their arrival time, and the scheduler dequeues them for
                   execution.
               •  Network Buffers: Queues are essential in network protocols for managing data

                   packets. Incoming packets are added to the queue, and they are dequeued and
                   processed based on their order of arrival.



                                                          PAGE - 9]]></page><page Index="12"><![CDATA[IT Data structure




               •  Breadth-First  Search  (BFS):  BFS  traversal  of  a  graph  involves  exploring
                   neighboring nodes in a breadth-first manner. Queues are employed to store the

                   nodes to be visited, ensuring that the traversal follows the FIFO order.
               •  Message  Queues:  In  distributed  systems  or  inter-process  communication,
                   message  queues  are  used  to  enable  communication  between  different

                   components.  Messages  are  enqueued  by  the  sender  and  dequeued  by  the
                   receiver, allowing asynchronous communication and decoupling of components.
               •  These  applications  demonstrate  the  importance  of  queues  in  managing  and

                   processing tasks or data in a sequential manner, adhering to the FIFO principle.

               In  conclusion,  stacks  and  queues  are  fundamental  data  structures  with  distinct
               characteristics  and  applications.  Stacks  follow  the  LIFO  principle  and  find

               applications in function calls, expression evaluation, undo/redo functionality, and
               graph  algorithms.  Queues  adhere  to  the  FIFO  principle  and  are  used  in  print
               spooling,  CPU  scheduling,  network  protocols,  graph  traversal,  and  message

               queuing. Understanding stacks and queues is crucial for efficient algorithm design
               and solving a wide range of computational problems.



                                       Block-III: Graph and Tree Data Structures


               Introduction to Graphs

               In computer science, a graph is a non-linear data structure that consists of a set of
               vertices  (also  called  nodes)  connected  by  edges.  Graphs  are  used  to  represent

               relationships between objects or entities. They are widely used in various fields,
               including computer networks, social networks, transportation systems, and data
               structures.


               A graph can be represented as G = (V, E), where V represents the set of vertices and
               E represents the set of edges connecting the vertices. The edges can be directed or
               undirected, indicating the nature of the relationship between the vertices.







                                                          PAGE - 10]]></page><page Index="13"><![CDATA[IT Data structure




               Representation of Graphs

               Graphs  can  be  represented  using  different  data  structures,  depending  on  the
               requirements  and  operations  to  be  performed.  The  two  most  common

               representations are:

               •  Adjacency Matrix: In this representation, a two-dimensional matrix is used to
                   represent the graph. The rows and columns of the matrix represent the vertices,

                   and  each  cell  indicates  the  presence  or  absence  of  an  edge  between  two
                   vertices. For an undirected graph, the matrix is symmetric, while for a directed
                   graph, the matrix can be asymmetric. This representation is efficient for dense

                   graphs but requires more memory for sparse graphs.
               •  Adjacency List: In this representation, each vertex in the graph is associated with
                   a  list  (or  an  array)  of  its  neighboring  vertices.  The  adjacency  list  can  be
                   implemented using an array, linked list, or hash table. Each element in the list

                   represents an edge connecting the vertex to its neighbor. This representation is
                   efficient for sparse graphs, as it saves memory by only storing information about
                   existing edges.


               Various Operations on Graphs

               Graphs support several operations to manipulate and traverse the data structure:


               •  Add Vertex: Adds a new vertex to the graph.
               •  Add Edge: Connects two vertices with an edge.
               •  Remove Vertex: Deletes a vertex from the graph.

               •  Remove Edge: Removes an edge between two vertices.
               •  Check Adjacency: Determines if there is an edge between two vertices.
               •  Get Neighbors: Retrieves the neighboring vertices of a given vertex.

               •  Depth-First Search (DFS): Traverses the graph in a depth-first manner, visiting all
                   reachable vertices before backtracking.
               •  Breadth-First  Search  (BFS):  Traverses  the  graph  in  a  breadth-first  manner,

                   exploring all vertices at the same level before moving to the next level.






                                                          PAGE - 11]]></page><page Index="14"><![CDATA[IT Data structure




               Applications of Graphs

               Graphs  have  numerous  applications  across  various  domains.  Here  are  a  few
               examples:


               •  Social Networks: Social media platforms use graphs to represent connections
                   between  users.  Each  user  is  a  vertex,  and  the  connections  (friendships,
                   followers)  are  represented  by  edges.  Graph  algorithms  can  be  employed  to

                   analyze  the  network  structure,  identify  communities,  or  recommend
                   connections.
               •  Computer Networks: Graphs are used to model and analyze computer networks,

                   such  as  the  internet  or  local  area  networks  (LANs).  Routers,  computers,  or
                   network  devices  are  represented  as  vertices,  and  the  connections  between
                   them  are  represented  as  edges.  Graph  algorithms  help  optimize  network
                   routing, detect network failures, or analyze network traffic.

               •  Transportation Networks: Graphs are used to represent transportation systems,
                   such  as  roads,  railways,  or  flight  routes.  Each  location  is  a  vertex,  and  the

                   connections between locations are edges. Graph algorithms assist in finding the
                   shortest path, optimizing routes, or planning public transportation schedules.
               •  Web Page Ranking: Search engines utilize graphs to rank web pages based on
                   their relevance and importance. Web pages are represented as vertices, and the

                   hyperlinks between pages are represented as edges. Algorithms like PageRank
                   determine the importance of web pages based on the structure of the graph.

               •  Recommendation Systems: Graphs can be used in recommendation systems to
                   suggest products, movies, or music to users. Each item or user is a vertex, and
                   the  connections  between  items/users  represent  relationships  or  similarities.
                   Graph  algorithms  help  identify  relevant  recommendations  based  on  the

                   connections in the graph.
               •  These examples highlight the versatility of graphs in modeling relationships and

                   solving complex problems. Graph algorithms and representations play a crucial
                   role  in  analyzing,  optimizing,  and  extracting  meaningful  insights  from
                   interconnected data.






                                                          PAGE - 12]]></page><page Index="15"><![CDATA[IT Data structure




               Introduction to Trees

               A  tree  is  a  hierarchical  data  structure  consisting  of  nodes  connected  by  edges,
               where each node can have zero or more child nodes. It is a special type of graph

               that does not contain any cycles. Trees are extensively used in computer science for
               organizing and representing hierarchical relationships or data.

               In a tree, a single node is designated as the root node, which is the topmost node
               in the hierarchy. The root node has zero or more child nodes, and each child node

               can have its own child nodes, forming a recursive structure.

               Representation of Trees

               Trees  can  be  represented  using  various  data  structures,  but  the  most  common

               approaches are:

               •  Linked List Representation: In this representation, each node in the tree contains
                   the data and a reference to its child nodes (if any). The child nodes are connected

                   using  pointers  or  references,  forming  a  linked  structure.  This  representation
                   allows efficient traversal of the tree but requires additional memory for storing
                   references.

               •  Array Representation: In this representation, the tree is stored in an array, where
                   each element represents a node. The position of a node in the array determines
                   its relationship with other nodes. For example, the parent of a node at index i

                   can be found at index floor((i-1)/2), and the left child can be found at index 2i+1.
                   This representation provides efficient memory utilization but requires resizing
                   the array if the tree structure changes.


               Various Operations on Trees:

               Trees support several operations to manipulate and traverse the data structure:

               •  Insert Node: Adds a new node to the tree at the appropriate position.

               •  Delete Node: Removes a node from the tree, maintaining the tree's structure.
               •  Search Node: Searches for a specific node in the tree based on its key or value.

               •  Traversal: Traverses the tree to visit and process each node in a specific order.
                   Common  traversal  methods  include  pre-order,  in-order,  and  post-order
                   traversals.

                                                          PAGE - 13]]></page><page Index="16"><![CDATA[IT Data structure




               Types of Trees:

               Trees  can  be  classified  into  different  types  based  on  their  properties  and
               characteristics. Here are a few common types:


               •  Binary Tree: A binary tree is a tree where each node has at most two child nodes:
                   a left child and a right child. Binary trees are widely used in various algorithms
                   and data structures, such as binary search trees and binary heaps.

               •  Binary Search Tree (BST): A binary search tree is a binary tree where the left child
                   of a node contains a value smaller than the node's value, and the right child
                   contains a value greater than the node's value. BSTs allow efficient searching,

                   insertion, and deletion operations.
               •  AVL Tree: An AVL tree is a self-balancing binary search tree where the heights of
                   the left and right subtrees of any node differ by at most one. AVL trees maintain

                   their balance during insertions and deletions, ensuring efficient operations.
               •  Red-Black Tree: A red-black tree is another self-balancing binary search tree. It
                   guarantees  balanced  operations  by  enforcing  specific  rules,  such  as  coloring

                   nodes red or black and performing rotations when necessary.
               •  B-Tree: A B-tree is a self-balancing search tree that can have more than two
                   children  per  node.  B-trees  are  used  in  databases  and  file  systems,  as  they

                   provide efficient operations on large datasets stored on disk.

               Applications of Trees:

               Trees have numerous applications in computer science and real-world scenarios.

               Here are a few examples

               •  File Systems: File systems use tree structures to organize directories and files.
                   Each directory represents a node, and the files within the directory are the child

                   nodes.  This  hierarchical  structure  enables  efficient  file  organization  and
                   navigation.
               •  Hierarchical Data Representation: Trees are used to represent hierarchical data,

                   such  as  organization  structures,  family  trees,  or  taxonomies.  Each  node
                   represents  an  entity,  and  the  edges  represent  the  relationships  between
                   entities.



                                                          PAGE - 14]]></page><page Index="17"><![CDATA[IT Data structure




               •  Decision Trees: Decision trees are used in machine learning and data mining for
                   classification and regression tasks. Each node in the tree represents a feature or

                   attribute, and the edges represent the decision rules or conditions based on the
                   attribute values.
               •  Expression Evaluation: Trees are used to represent and evaluate arithmetic or

                   logical expressions. Each node represents an operator or operand, and the edges
                   represent the relationships between them. Tree traversal algorithms can be used
                   to evaluate the expressions efficiently.

               •  Huffman Coding: Huffman coding is a compression algorithm that uses binary
                   trees  to  encode  characters  based  on  their  frequency.  The  more  frequent
                   characters have shorter codes, resulting in efficient data compression.


               These examples demonstrate the versatility of trees in organizing, representing,
               and processing  hierarchical relationships  or  data.  Trees provide  efficient access,
               search, and manipulation operations in various applications.

               In  conclusion,  graphs  and  trees  are  fundamental  data  structures  with  distinct

               characteristics and applications. Graphs represent relationships between objects,
               while trees organize hierarchical data. Understanding graphs and trees is essential

               for solving complex problems, designing efficient algorithms, and modeling real-
               world scenarios with interconnected or hierarchical data.

                     Block-IV: Balanced Search Trees and Tree Structures for Sets of Intervals


               Balanced trees are specialized data structures designed to maintain balance and
               ensure efficient operations in scenarios where the data is dynamic and subject to
               frequent insertions and deletions. They aim to avoid degeneration into unbalanced

               structures, which can result in poor performance.


               Balanced trees achieve their balance by applying specific rules or properties that
               govern  the  structure  of  the  tree.  These  rules  dictate  how  nodes  are  inserted,
               deleted, or rearranged to maintain a balance between the left and right subtrees.







                                                          PAGE - 15]]></page><page Index="18"><![CDATA[IT Data structure




               There  are  various  types  of  balanced  trees,  each  with  its  own  set  of  rules  and

               characteristics. In this write-up, we will cover several important types of balanced
               trees and explore their representations, operations, and applications.


               Height-Balanced Trees


               Height-balanced  trees,  also  known  as  balanced  binary  trees,  ensure  that  the
               difference in height between the left and right subtrees of any node is at most one.
               This  property  guarantees  that  the  tree  remains  balanced  and  provides  efficient

               search, insertion, and deletion operations.

               Representation: Height-balanced trees can be represented using linked structures
               where each node contains a value and references to its left and right child nodes.


               Operations

               •  Search: Performs a binary search operation to locate a specific value in the tree.
               •  Insertion: Inserts a new value into the tree while maintaining the balance. This

                   may require rotations or reordering of nodes.
               •  Deletion: Removes a value from the tree while preserving the balance. Similar
                   to insertion, rotations or restructuring may be necessary.


               Applications:  Height-balanced  trees  find  applications  in  various  domains,
               including

               •  Symbol tables: They are used for efficient key-value storage and retrieval.

               •  Compiler implementations: Height-balanced trees can be used for expression
                   evaluation, symbol table management, and syntax tree representation.

               Weight-Balanced Trees (AVL Trees)


               Weight-balanced trees, also known as AVL trees, are a type of height-balanced trees
               with  an  additional  restriction  on  the  balance  factor.  The  balance  factor  is  the
               difference  in  height  between  the  left  and  right  subtrees  of  a  node.  In  weight-

               balanced trees, the balance factor is limited to -1, 0, or 1, ensuring a strict balance
               and providing faster operations than general height-balanced trees.




                                                          PAGE - 16]]></page><page Index="19"><![CDATA[IT Data structure




               Representation:  Weight-balanced  trees  are  represented  similarly  to  height-
               balanced trees, using linked structures with additional balance factor information
               stored in each node.


               Operations

               •  Search: Performs a binary search operation to locate a specific value in the tree.
               •  Insertion:  Inserts  a  new  value  into  the  tree  while  maintaining  the  balance.

                   Rotations or restructuring may be required to restore the balance.
               •  Deletion: Removes a value from the tree while preserving the balance. Similar
                   to insertion, rotations or reordering may be necessary.


               Applications: AVL trees find applications in various scenarios, including

               •  Databases: They are used for efficient indexing and retrieval of data.
               •  Balanced  search  trees:  AVL  trees  serve  as  a  fundamental  data  structure  for

                   implementing balanced search algorithms.
               •  Self-balancing data structures: AVL trees form the basis for other self-balancing

                   tree structures, such as Red-Black trees.

               B-Trees

               B-trees are balanced search trees designed to efficiently perform operations on
               large datasets, especially when the data is stored on disk or in secondary storage.

               B-trees maintain a balance by allowing a variable number of child nodes per internal
               node and by ensuring that all leaf nodes are at the same level. B-trees provide
               efficient search, insertion, deletion, and range query operations.


               Representation:  B-trees  are  typically  represented  using  disk-based  structures,
               where each node corresponds to a disk block and contains multiple keys and child
               pointers.

               Operations


               •  Search: Performs a multi-way search operation to locate a specific key in the
                   tree.

               •  Insertion: Inserts a new key into the tree while maintaining the balance. Splitting
                   and merging of nodes may be required to ensure the tree remains balanced.


                                                          PAGE - 17]]></page><page Index="20"><![CDATA[IT Data structure




               •  Deletion:  Removes  a  key  from  the  tree  while  preserving  the  balance.  Node
                   merging or redistribution may be necessary to maintain the balance.


               Applications: B-trees are widely used in various domains due to their ability to
               handle large datasets efficiently

               •  File systems: B-trees are used for organizing and accessing files in file systems,

                   providing efficient file storage and retrieval.
               •  Databases: B-trees serve as an essential data structure for indexing and querying
                   data in database

               •  systems.
               •  External memory algorithms: B-trees are utilized for efficient disk-based sorting

                   and searching operations.

               B+ Trees

               B+ trees are an extension of B-trees that optimize the structure for efficient disk-
               based storage and range queries. In B+ trees, all data is stored in the leaf nodes,

               and the internal nodes serve as keys or pointers to the leaf nodes. The leaf nodes
               are linked together, allowing efficient range queries and sequential access.

               Representation:  Similar  to  B-trees,  B+  trees  are  represented  using  disk-based

               structures with multiple levels of nodes. The leaf nodes contain the actual data
               values and are linked together for efficient range queries.

               Operations


               •  Search: Performs a multi-way search operation to locate a specific key in the
                   tree, similar to B-trees.
               •  Insertion:  Inserts  a  new  key-value  pair  into  the  tree  while  maintaining  the

                   balance. Splitting and merging of nodes may be required.
               •  Deletion: Removes a key-value pair from the tree while preserving the balance.
                   Node merging or redistribution may be necessary.


               Applications: B+ trees are widely used in scenarios that involve large datasets and
               disk-based storage:




                                                          PAGE - 18]]></page><page Index="21"><![CDATA[IT Data structure




               •  Database systems: B+ trees serve as the primary indexing structure for efficient
                   data retrieval and range queries.

               •  File  systems:  B+  trees  are  used  for  organizing  and  accessing  files  efficiently,
                   especially in hierarchical file systems.

               •  Information retrieval: B+ trees are employed in search engines and document
                   retrieval systems to index and retrieve large collections of documents.

               Red-Black Trees

               Red-Black trees are self-balancing binary search trees that guarantee balance by

               enforcing specific properties.  Each  node in a Red-Black tree is assigned a color,
               either red or black, and the tree must satisfy several rules, including maintaining
               the black height and preventing consecutive red nodes along any path. Red-Black

               trees provide efficient operations, including search, insertion, and deletion, and are
               commonly used in various data structures and algorithms.

               Representation:  Red-Black  trees  are  represented  using  linked  structures  where

               each node contains a value, color information, and references to its left and right
               child nodes.

               Operations

               •  Search: Performs a binary search operation to locate a specific value in the tree.

               •  Insertion: Inserts a new value into the tree while maintaining the balance and
                   adhering to the Red-Black tree properties. Color flipping and rotations may be

                   necessary.
               •  Deletion:  Removes  a  value  from  the  tree  while  preserving  the  balance  and
                   adhering  to  the  Red-Black  tree  properties.  Node  rearrangements  and  color
                   adjustments may be required.


               Applications: Red-Black trees find applications in various areas, including:

               •  Compiler  implementations:  Red-Black  trees  are  used  for  symbol  table

                   management and expression evaluation.
               •  Key-value storage: They are employed as the underlying data structure in key-
                   value databases and associative arrays.



                                                          PAGE - 19]]></page><page Index="22"><![CDATA[IT Data structure




               •  Balanced search trees: Red-Black trees serve as a foundation for implementing
                   balanced search algorithms.

               •  Memory  allocation:  They  can  be  used  for  efficient  memory  management  in
                   dynamic programming languages.

               Splay Trees and Skip Lists


               Splay  trees  are  self-adjusting  binary  search  trees  that  reorder  nodes  during
               operations to improve access times for recently accessed nodes. Whenever a node
               is accessed, it is moved to the root of the tree, reducing future search times. Splay

               trees offer efficient amortized operations and find applications in caching, dynamic
               optimality, and self-adjusting data structures.

               Representation: Splay trees are represented using linked structures with each node
               containing a value and references to its left and right child nodes.


               Operations

               •  Search: Performs a binary search operation to locate a specific value in the tree.

                   The  accessed  node  is  moved  to  the  root  through  a  series  of  rotations  and
                   rearrangements.
               •  Insertion: Inserts a new value into the tree and performs the necessary rotations
                   and rearrangements to maintain the tree's properties and improve future access

                   times.
               •  Deletion:  Removes  a  value  from  the  tree  and  adjusts  the  tree  structure

                   accordingly to maintain the properties.

               Applications: Splay trees have various applications, including:

               •  Caching:  Splay  trees  can  be  used  in  cache  replacement  policies  to  prioritize
                   frequently accessed items.

               •  Dynamic optimality: They are used in algorithms that require efficient access to
                   recently  accessed  elements,  such  as  dynamic  programming  and  online

                   algorithms.
               •  Data compression: Splay trees can be employed in adaptive Huffman coding, a
                   lossless data compression technique.



                                                          PAGE - 20]]></page><page Index="23"><![CDATA[IT Data structure




               Skip lists are probabilistic data structures that provide an alternative to balanced
               trees. They use multiple linked lists with different skip distances to achieve fast
               search, insertion, and deletion operations. Skip lists are simpler to implement than

               balanced trees and offer comparable performance in many scenarios.

               Representation: Skip lists are represented using linked structures, where each node
               contains a value and references to nodes in different levels.

               Operations


               •  Search: Performs a search operation by traversing the linked lists and using the
                   skip pointers to quickly jump ahead.

               •  Insertion: Inserts a new value into the skip list by creating and rearranging the
                   necessary nodes and adjusting the skip pointers.
               •  Deletion:  Removes a  value from  the skip list by unlinking  the corresponding

                   nodes and adjusting the skip pointers.

               Applications: Skip lists find applications in various domains, including:

               •  Concurrent data structures: Skip lists can be used to implement concurrent data

                   structures with efficient search, insertion, and deletion operations.
               •  Database indexing: They are employed in database systems for indexing and
                   efficient range queries.

               •  Data structures for external memory: Skip lists can be used in scenarios where
                   the  data  exceeds  the  available  memory  and  needs  to  be  stored  on  disk  or
                   secondary storage.


               Interval Trees, Segment Trees, and Orthogonal Range Trees

               Interval  trees  are  data  structures  designed  to  efficiently  search  for  intervals  or
               ranges that overlap with a given interval. They provide operations such as insertion,

               deletion,  and  searching  for  overlapping  intervals.  Interval  trees  are  useful  in
               applications such as scheduling, time management, and database systems.

               Representation:  Interval  trees  can  be  represented  using  balanced  search  tree

               structures, such as Red-Black trees or AVL trees, where each node represents an
               interval.



                                                          PAGE - 21]]></page><page Index="24"><![CDATA[IT Data structure






               Operations

               •  Search: Performs a search operation to find intervals that overlap with a given

                   interval.
               •  Insertion:  Inserts  a  new  interval  into  the  tree  and  adjusts  the  structure  to
                   maintain balance and interval properties.

               •  Deletion:  Removes  an  interval  from  the  tree  while  preserving  balance  and
                   properties.

               Applications: Interval trees find applications in various scenarios, including:


               •  Scheduling: Interval trees can be used to efficiently manage and schedule events
                   or tasks with overlapping time intervals.
               •  Calendar applications: They are employed for managing and searching events in

                   calendars.
               •  Database systems: Interval trees can be used for indexing and querying temporal

                   data, such as events or time intervals.

               Segment trees are tree-based data structures that partition an array into segments
               and  allow  efficient  range  queries  and  updates.  They  can  be  used  to  find  the
               minimum,  maximum,  sum,  or  other  aggregate  values  over  a  specified  range.

               Segment  trees  are  widely  used  in  various  applications,  including  computational
               geometry, image processing, and data compression.

               Representation: Segment trees are typically represented using balanced binary tree

               structures, where each node represents a segment or a range of elements.

               Operations

               •  Range Query: Performs operations on a specified range of elements, such as

                   finding the minimum, maximum, sum, or other aggregate values.
               •  Range Update: Updates the elements within a specified range with new values.

               •  Construction: Constructs the segment tree from an input array or a set of values.





                                                          PAGE - 22]]></page><page Index="25"><![CDATA[IT Data structure




               Applications: Segment trees find applications in various domains, including

               •  Computational geometry: They are used for various geometric operations, such
                   as range searching, point location, and intersection detection.

               •  Image processing: Segment trees can be employed for efficient image filtering,
                   histogram calculations, or pixel manipulations.

               •  Data compression: Segment trees are utilized in compression algorithms, such
                   as range encoding or wavelet compression.

               Orthogonal  range  trees  are  multidimensional  data  structures  used  to  efficiently
               perform range queries in multiple dimensions. They can handle queries involving

               intervals or ranges in multiple dimensions and provide efficient search and insertion
               operations.

               Representation:  Orthogonal  range  trees  are  represented  using  balanced  tree

               structures, such as B-trees or Red-Black trees, where each node represents a range
               in multiple dimensions.

               Operations


               •  Range Query: Performs operations on a specified range in multiple dimensions,
                   such as finding points or objects within the range.
               •  Range Update: Updates the elements within a specified range with new values

                   in multiple dimensions.
               •  Construction:  Constructs  the  orthogonal  range  tree  from  a  set  of  points  or
                   objects in multiple dimensions.


               Applications:  Orthogonal  range  trees  find  applications  in  various  domains,
               including

               •  Spatial  databases:  They  are  used  for  efficient  spatial  indexing  and  query

                   processing in geographic information systems (GIS).
               •  Computational geometry: Orthogonal range trees are employed in geometric
                   algorithms, such as range searching, point location, or collision detection.

               •  Data visualization: They can be used for efficient selection and querying of data
                   points in multidimensional data visualization.




                                                          PAGE - 23]]></page><page Index="26"><![CDATA[IT Data structure






               KD-Trees and Quad Trees

               KD-trees are binary search trees that partition space into regions in a balanced

               manner and efficiently handle point location queries in multiple dimensions. They
               recursively  split  the  space  along  alternating  dimensions,  creating  a  binary  tree
               structure. KD-trees are particularly useful in multidimensional search applications,
               such as nearest neighbor search or range search in high-dimensional data.


               Representation: KD-trees are represented using binary tree structures, where each
               node represents a splitting hyperplane along a specific dimension.

               Operations


               •  Nearest Neighbor Search: Searches for the point closest to a given query point
                   in the tree.

               •  Range Query: Performs a search for points within a specified range or region.
               •  Construction: Constructs the KD-tree from a set of points or objects in multiple
                   dimensions.


               Applications: KD-trees find applications in various domains, including

               •  Nearest neighbor search: They are used for efficient search operations, such as
                   finding the nearest neighbors of a given point or object.

               •  Computational geometry: KD-trees are employed in geometric algorithms, such
                   as range searching, collision detection, or clustering.
               •  Machine learning: They can be used for efficient search and retrieval of data

                   points in high-dimensional feature spaces.

               Quad trees are tree-based data structures that partition a 2D space into quadrants
               recursively. Each node represents a region or a point in the space, and the tree
               structure allows efficient spatial queries and operations.


               Representation: Quad trees are represented using tree structures, where each node
               represents a quadrant or a point in the 2D space.






                                                          PAGE - 24]]></page><page Index="27"><![CDATA[IT Data structure




               Operations

               •  Point Location: Locates a specific point in the 2D space represented by the quad
                   tree.

               •  Range  Query:  Performs  operations  on  a  specified  range  or  region  in  the  2D
                   space, such as finding points or objects within the range.

               •  Construction: Constructs the quad tree from a set of points or objects in the 2D
                   space.

               Applications: Quad trees find applications in various scenarios, including

               •  Image  processing:  Quad  trees  are  used  for  efficient  image  compression,

                   segmentation, or region-based operations.
               •  Spatial indexing: They are employed for spatial indexing and search in 2D data,

                   such as maps, images, or spatial databases.
               •  Collision detection: Quad trees can be used for efficient collision detection in
                   computer graphics or simulation applications.


               Related structures, such as Octrees or R-trees, extend the concepts of KD-trees and
               Quad  trees  to  higher  dimensions  or  more  complex  data  structures.  They  find
               applications  in  various  domains,  including  computer  graphics,  geographic
               information systems (GIS), and spatial databases.


               In conclusion, the discussed

               Data structures, such as height-balanced trees, B-trees, Red-Black trees, interval
               trees,  KD-trees,  and  Quad  trees,  offer  efficient  solutions  to  specific  problems

               related  to  search,  indexing,  range  queries,  and  multidimensional  data.
               Understanding  their  representations,  operations,  and  applications  provides  a
               foundation  for  developing  efficient  algorithms  and  data  structures  in  various
               domains.













                                                          PAGE - 25]]></page><page Index="28"><![CDATA[External links and references:

        The following external media references has been provided in this book for purposes of
        external  knowledge  dissemination  for  the  student  about  the  industry  adoption  of  the
        technology and developments globally. This is not meant for commercial usage. The
        external media references are those available in given links.




         Sl.  No  Concepts                References
           1     Introductory video
                                          https://youtu.be/D6gu-_tmEpQ
           2     Introduction to Stacks   https://youtu.be/I37kGX-nZEI
           3     Linked list
                                            https://youtu.be/R9PTBwOzceo
          Sl. No   Keywords               References
           1     Composite data type      https://en.wikipedia.org/wiki/Composite_data_type
           2     ASCII                    https://en.wikipedia.org/wiki/ASCII
           3     Local variables          https://en.wikipedia.org/wiki/Local_variable
           4     Depth-First Search (DFS)   https://en.wikipedia.org/wiki/Depth-first_search
           5     Local area networks      https://en.wikipedia.org/wiki/Local_area_network
           6     Quad tree                https://en.wikipedia.org/wiki/Quadtree]]></page><page Index="29"/><page Index="30"><![CDATA[© Copyright IBM Corp.]]></page><page Index="31"/></pages></Search>
